AccX,AccY,AccZ,GyrX,GyrY,GyrZ,Time,Label
-1.01,-0.37,8.0,0.14,0.04,0.03,1723211953185,cobblestone
0.31,-2.62,7.92,-0.07,-0.01,0.01,1723211953195,cobblestone
0.14,3.9,9.91,-0.25,0.27,-0.08,1723211953204,cobblestone
-0.31,1.35,11.22,-0.07,-0.02,-0.14,1723211953213,cobblestone
0.03,1.82,10.51,0.11,0.11,-0.17,1723211953222,cobblestone
-1.36,-2.23,6.92,0.06,-0.12,-0.13,1723211953231,cobblestone
-0.65,-3.35,9.3,-0.39,0.08,-0.07,1723211953240,cobblestone
-1.96,0.09,12.38,-0.37,0.05,-0.02,1723211953249,cobblestone
-1.05,-1.55,15.71,-0.16,0.01,0.13,1723211953258,cobblestone
0.62,2.09,13.44,0.22,-0.01,0.26,1723211953267,cobblestone
2.09,-1.15,8.27,0.11,0.07,0.22,1723211953276,cobblestone
2.4,-1.68,8.22,-0.3,0.1,0.04,1723211953285,cobblestone
2.0,2.97,12.87,-0.26,0.18,-0.16,1723211953294,cobblestone
-0.34,-2.92,14.64,0.08,-0.14,-0.18,1723211953304,cobblestone
-1.16,-0.08,13.99,0.21,0.03,-0.05,1723211953313,cobblestone
-1.93,-1.02,10.61,0.13,-0.04,0.09,1723211953322,cobblestone
-0.04,1.24,12.09,0.12,0.07,0.27,1723211953331,cobblestone
1.2,2.6,11.42,0.23,0.05,0.24,1723211953340,cobblestone
2.08,2.31,9.38,0.47,0.05,0.16,1723211953349,cobblestone
2.13,0.57,6.39,0.53,0.0,-0.05,1723211953358,cobblestone
1.19,2.06,5.34,0.16,0.04,-0.18,1723211953367,cobblestone
-0.38,1.68,8.87,-0.09,0.08,-0.18,1723211953376,cobblestone
-1.07,1.33,13.29,-0.07,0.04,-0.11,1723211953385,cobblestone
-1.02,-1.58,13.68,0.28,0.03,-0.01,1723211953394,cobblestone
-0.87,0.29,8.5,0.37,0.0,0.08,1723211953403,cobblestone
0.58,-0.63,7.09,0.09,0.05,0.11,1723211953412,cobblestone
1.17,0.36,10.3,-0.27,0.15,-0.04,1723211953421,cobblestone
0.33,0.44,14.32,-0.15,0.05,-0.19,1723211953430,cobblestone
-0.77,-1.46,11.88,0.25,-0.01,-0.19,1723211953439,cobblestone
-0.55,-5.13,7.88,0.21,-0.08,-0.09,1723211953448,cobblestone
-0.56,-3.29,10.09,-0.16,0.11,-0.04,1723211953457,cobblestone
-0.98,-0.89,12.54,-0.17,0.1,-0.03,1723211953466,cobblestone
-0.21,2.72,12.78,0.25,0.06,0.03,1723211953475,cobblestone
0.3,1.43,7.61,0.6,-0.03,-0.04,1723211953484,cobblestone
0.52,1.58,5.43,0.08,0.08,-0.07,1723211953493,cobblestone
0.71,-0.38,6.04,-0.36,0.09,-0.14,1723211953502,cobblestone
0.4,-4.72,10.78,-0.45,0.13,-0.26,1723211953511,cobblestone
-0.46,-2.06,13.68,-0.1,0.05,-0.23,1723211953520,cobblestone
-1.13,-4.57,9.82,0.39,-0.03,-0.13,1723211953529,cobblestone
-0.54,0.94,3.87,0.2,0.06,-0.03,1723211953538,cobblestone
0.67,-2.33,4.85,-0.18,0.1,-0.02,1723211953547,cobblestone
0.28,-2.85,10.05,-0.61,0.16,-0.2,1723211953556,cobblestone
-0.04,-0.88,15.96,-0.47,0.12,-0.15,1723211953565,cobblestone
-0.42,-5.09,15.2,0.29,0.08,-0.15,1723211953574,cobblestone
-0.78,1.24,7.76,0.37,-0.01,-0.08,1723211953583,cobblestone
0.13,-2.6,7.02,-0.06,0.12,-0.12,1723211953592,cobblestone
-1.37,-2.88,10.41,-0.47,0.2,-0.15,1723211953601,cobblestone
-0.32,-1.96,16.63,-0.34,0.11,-0.09,1723211953610,cobblestone
-1.75,-0.69,15.73,0.2,0.19,-0.04,1723211953619,cobblestone
-0.95,2.01,8.55,0.51,-0.06,-0.01,1723211953628,cobblestone
-0.46,0.06,3.95,0.28,0.16,-0.06,1723211953637,cobblestone
-0.03,0.22,4.31,-0.26,0.1,0.01,1723211953646,cobblestone
0.37,-4.69,10.64,-0.52,0.2,-0.09,1723211953655,cobblestone
-0.78,-0.28,16.21,-0.5,0.2,-0.19,1723211953664,cobblestone
-1.69,2.76,19.94,-0.03,0.09,-0.29,1723211953673,cobblestone
-4.03,2.2,14.52,0.38,0.0,-0.23,1723211953682,cobblestone
-3.59,1.36,8.12,0.34,-0.11,0.11,1723211953691,cobblestone
-0.45,-1.24,6.56,0.25,0.07,0.23,1723211953700,cobblestone
0.46,1.43,4.06,0.07,0.08,0.18,1723211953709,cobblestone
1.49,0.61,7.91,-0.37,0.1,-0.09,1723211953718,cobblestone
0.28,-1.02,16.0,-0.6,0.06,-0.33,1723211953727,cobblestone
-2.89,2.19,19.66,-0.23,0.06,-0.32,1723211953736,cobblestone
-3.54,4.59,14.85,0.8,-0.21,-0.16,1723211953745,cobblestone
-3.25,2.19,2.39,0.9,-0.27,0.06,1723211953754,cobblestone
-0.87,-4.41,2.9,0.29,-0.03,0.02,1723211953763,cobblestone
-1.64,-1.15,3.9,-0.5,-0.05,0.18,1723211953772,cobblestone
0.39,0.16,12.3,-0.73,0.07,0.25,1723211953781,cobblestone
-0.46,3.09,16.52,-0.19,0.23,0.21,1723211953790,cobblestone
1.08,3.11,13.9,0.74,-0.33,0.15,1723211953799,cobblestone
1.67,0.79,8.09,0.42,0.14,-0.04,1723211953808,cobblestone
-0.22,0.77,5.72,-0.11,-0.09,-0.14,1723211953817,cobblestone
-0.34,0.23,11.28,-0.31,0.02,-0.21,1723211953826,cobblestone
-2.44,-0.66,12.87,-0.02,-0.1,-0.14,1723211953835,cobblestone
-2.21,1.53,9.67,0.38,-0.16,0.04,1723211953844,cobblestone
-1.4,-2.06,5.76,0.03,-0.24,0.17,1723211953853,cobblestone
0.39,-2.84,11.37,-0.54,0.06,0.25,1723211953862,cobblestone
1.1,1.14,17.05,-0.37,0.03,0.21,1723211953871,cobblestone
0.98,-1.84,15.36,0.32,-0.16,0.09,1723211953880,cobblestone
1.24,-0.92,8.18,0.27,-0.08,-0.08,1723211953889,cobblestone
0.15,-5.96,6.73,-0.14,-0.1,-0.07,1723211953898,cobblestone
-0.5,-3.16,10.38,-0.31,0.04,-0.0,1723211953907,cobblestone
-0.33,1.77,14.23,-0.15,-0.03,0.08,1723211953916,cobblestone
0.6,1.66,13.16,0.25,-0.02,0.14,1723211953925,cobblestone
1.21,-0.55,9.86,0.12,-0.09,0.03,1723211953934,cobblestone
0.79,-0.5,6.52,0.02,0.04,-0.16,1723211953943,cobblestone
-0.4,-2.27,5.83,0.08,-0.15,-0.22,1723211953952,cobblestone
-0.8,-1.14,6.4,0.02,-0.07,-0.18,1723211953961,cobblestone
-1.49,1.84,6.19,-0.08,-0.14,-0.06,1723211953970,cobblestone
-0.55,-2.44,10.32,-0.5,-0.06,0.09,1723211953979,cobblestone
-0.62,-0.47,16.28,-0.48,0.2,-0.0,1723211953988,cobblestone
0.0,-1.3,17.63,0.06,-0.24,-0.01,1723211953997,cobblestone
0.99,-4.44,10.74,0.31,-0.05,-0.02,1723211954006,cobblestone
1.38,2.85,6.9,-0.07,0.07,-0.1,1723211954015,cobblestone
0.26,-2.08,8.63,-0.16,0.04,-0.3,1723211954024,cobblestone
-2.56,-1.3,11.54,-0.21,0.06,-0.51,1723211954033,cobblestone
-3.33,1.2,15.93,-0.03,-0.11,-0.29,1723211954042,cobblestone
-3.11,-1.65,13.56,0.15,-0.02,0.16,1723211954051,cobblestone
0.11,2.33,11.98,0.16,-0.03,0.38,1723211954060,cobblestone
2.36,-0.01,8.8,0.31,0.01,0.29,1723211954069,cobblestone
2.85,0.62,5.98,0.26,0.03,0.08,1723211954078,cobblestone
2.75,2.44,7.01,-0.1,0.06,-0.1,1723211954087,cobblestone
2.06,2.23,12.41,-0.34,0.12,-0.29,1723211954096,cobblestone
-0.74,0.91,16.86,-0.17,-0.05,-0.34,1723211954105,cobblestone
-1.68,-2.32,14.82,0.23,-0.02,-0.31,1723211954114,cobblestone
-3.04,1.89,9.56,0.48,-0.09,0.09,1723211954123,cobblestone
-0.61,1.38,5.22,0.32,-0.08,0.29,1723211954132,cobblestone
0.85,-0.85,5.28,-0.08,0.2,0.27,1723211954141,cobblestone
0.94,0.44,12.27,-0.49,0.16,-0.04,1723211954151,cobblestone
-0.23,1.06,15.7,-0.08,-0.04,-0.02,1723211954160,cobblestone
0.26,-3.4,13.21,0.47,-0.09,0.19,1723211954169,cobblestone
1.29,-0.7,6.96,0.35,0.04,0.21,1723211954178,cobblestone
1.73,-1.39,6.55,-0.01,0.05,-0.01,1723211954187,cobblestone
1.15,-1.51,10.45,-0.18,0.03,-0.12,1723211954196,cobblestone
0.83,2.41,11.72,0.08,0.02,-0.09,1723211954205,cobblestone
0.74,1.08,9.96,0.32,-0.1,-0.09,1723211954214,cobblestone
0.71,-1.32,7.58,0.06,0.01,-0.04,1723211954223,cobblestone
1.05,-0.23,10.81,-0.27,0.11,-0.13,1723211954232,cobblestone
-0.37,0.07,14.11,-0.11,0.06,-0.22,1723211954241,cobblestone
-0.83,2.38,9.99,0.37,-0.09,-0.09,1723211954250,cobblestone
-0.44,-1.25,3.97,0.27,-0.04,-0.09,1723211954259,cobblestone
-0.06,-4.1,4.99,-0.26,0.06,-0.16,1723211954268,cobblestone
-1.35,-3.67,10.24,-0.68,0.05,-0.27,1723211954277,cobblestone
-1.72,-0.58,17.61,-0.51,0.05,-0.17,1723211954286,cobblestone
-1.9,1.82,16.51,0.28,-0.03,0.06,1723211954295,cobblestone
0.53,0.3,6.24,0.58,-0.09,0.21,1723211954305,cobblestone
1.9,-4.83,4.92,0.09,0.15,0.07,1723211954314,cobblestone
2.32,-2.2,7.01,-0.41,0.01,-0.06,1723211954323,cobblestone
2.11,-4.33,12.46,-0.44,0.19,-0.16,1723211954332,cobblestone
0.3,0.07,16.89,0.23,-0.08,-0.29,1723211954346,cobblestone
0.17,-1.05,14.94,0.47,0.02,-0.2,1723211954350,cobblestone
-0.49,1.9,6.78,0.58,-0.04,-0.19,1723211954359,cobblestone
0.27,0.33,4.04,0.25,0.03,-0.14,1723211954368,cobblestone
-0.51,1.29,4.94,-0.18,0.23,-0.27,1723211954377,cobblestone
-1.11,-1.32,10.99,-0.38,0.0,-0.27,1723211954386,cobblestone
-2.09,-3.7,14.77,-0.26,0.18,-0.33,1723211954395,cobblestone
-3.81,1.48,15.31,0.09,-0.05,-0.18,1723211954404,cobblestone
-2.87,-1.27,13.07,0.28,0.03,0.08,1723211954413,cobblestone
-0.98,-0.66,8.57,0.07,0.01,0.19,1723211954422,cobblestone
1.53,0.84,9.65,-0.08,0.08,0.19,1723211954431,cobblestone
2.18,-1.82,10.66,-0.05,0.04,-0.03,1723211954440,cobblestone
2.16,2.85,11.06,0.02,0.04,-0.09,1723211954449,cobblestone
1.38,-2.36,9.81,0.17,-0.07,-0.26,1723211954458,cobblestone
-0.16,-1.39,7.78,0.06,0.03,-0.38,1723211954467,cobblestone
-1.57,-1.5,8.74,-0.06,0.01,-0.32,1723211954476,cobblestone
-2.58,-4.55,11.24,-0.0,0.01,-0.21,1723211954485,cobblestone
-1.73,2.67,10.5,0.2,0.01,0.08,1723211954494,cobblestone
0.23,0.93,9.5,0.17,0.09,0.1,1723211954503,cobblestone
0.82,4.9,8.83,0.01,0.24,0.01,1723211954512,cobblestone
0.58,-3.27,7.45,0.2,-0.05,-0.32,1723211954521,cobblestone
-0.66,-1.95,7.63,-0.04,0.1,-0.29,1723211954530,cobblestone
-1.71,3.37,9.29,-0.13,0.0,-0.16,1723211954539,cobblestone
-2.13,-1.4,11.39,-0.19,0.08,-0.14,1723211954548,cobblestone
-1.61,-0.53,13.1,-0.25,0.04,-0.01,1723211954557,cobblestone
-1.36,-5.6,11.52,0.04,0.03,-0.12,1723211954566,cobblestone
-0.71,-2.35,8.43,0.13,-0.02,-0.06,1723211954575,cobblestone
-0.31,-2.76,7.45,-0.02,0.0,-0.03,1723211954584,cobblestone
-0.63,1.43,10.2,-0.38,0.11,-0.05,1723211954593,cobblestone
-0.73,4.24,16.62,-0.29,0.11,-0.03,1723211954602,cobblestone
0.27,-0.04,18.32,0.21,-0.03,0.05,1723211954611,cobblestone
1.68,-0.23,12.92,0.5,-0.03,0.01,1723211954620,cobblestone
1.57,1.47,7.83,0.12,0.04,-0.12,1723211954629,cobblestone
0.16,2.98,8.79,-0.26,0.06,-0.28,1723211954638,cobblestone
-1.21,0.96,12.37,-0.09,0.03,-0.24,1723211954647,cobblestone
-2.04,-0.46,9.31,0.39,-0.04,-0.09,1723211954656,cobblestone
-0.94,3.25,4.78,0.37,-0.11,0.08,1723211954665,cobblestone
-0.6,-0.95,3.06,-0.07,0.04,-0.15,1723211954674,cobblestone
-1.43,0.06,8.33,-0.74,0.0,-0.2,1723211954683,cobblestone
-2.49,-4.69,16.15,-0.53,0.0,-0.08,1723211954692,cobblestone
-3.08,1.76,12.16,0.45,-0.01,0.3,1723211954701,cobblestone
0.82,-4.97,7.47,0.56,-0.52,0.27,1723211954710,cobblestone
1.98,-9.0,11.54,-0.88,0.16,0.31,1723211954719,cobblestone
2.11,7.06,25.18,-1.21,0.45,0.13,1723211954728,cobblestone
1.0,2.35,26.73,0.49,-0.07,0.05,1723211954737,cobblestone
1.54,1.54,7.3,1.85,-0.38,-0.16,1723211954746,cobblestone
0.46,4.48,0.32,1.52,0.04,-0.2,1723211954755,cobblestone
-0.59,-1.46,1.38,1.32,0.08,-0.63,1723211954764,cobblestone
-3.38,-8.14,2.24,0.29,-0.3,-0.3,1723211954773,cobblestone
-3.27,-6.31,6.58,-0.83,0.14,-0.07,1723211954782,cobblestone
-3.62,-3.25,3.49,-1.32,-0.35,0.23,1723211954791,cobblestone
-0.8,-1.2,5.21,-1.93,0.21,0.44,1723211954800,cobblestone
2.54,-0.08,18.99,-1.76,0.54,0.41,1723211954809,cobblestone
2.33,-3.3,29.41,-0.06,0.1,0.21,1723211954818,cobblestone
4.29,-0.85,19.5,1.69,-0.32,-0.02,1723211954827,cobblestone
1.63,2.48,3.36,1.12,0.07,-0.21,1723211954836,cobblestone
-0.04,2.88,1.13,0.07,-0.07,-0.37,1723211954845,cobblestone
-0.73,-3.54,2.82,-0.98,-0.15,-0.32,1723211954854,cobblestone
-0.04,0.77,16.55,-0.95,0.34,-0.04,1723211954863,cobblestone
-1.98,-2.23,15.87,0.2,0.25,0.14,1723211954872,cobblestone
1.3,0.58,6.93,1.11,-0.34,0.08,1723211954881,cobblestone
0.01,-1.92,1.87,0.3,0.19,-0.12,1723211954890,cobblestone
0.02,-0.54,4.42,-0.34,-0.18,-0.05,1723211954899,cobblestone
0.49,1.74,11.47,-0.47,0.28,-0.16,1723211954908,cobblestone
-1.24,-4.13,13.75,-0.01,0.02,0.03,1723211954917,cobblestone
0.98,4.04,15.04,0.33,0.14,-0.0,1723211954926,cobblestone
-1.42,9.68,13.4,-0.0,0.08,0.09,1723211954935,cobblestone
1.01,1.47,18.3,-0.19,0.05,-0.04,1723211954944,cobblestone
0.22,-3.27,17.02,0.14,0.12,-0.07,1723211954953,cobblestone
0.09,-2.58,9.6,0.58,-0.15,-0.09,1723211954962,cobblestone
0.45,1.14,5.12,0.21,0.07,-0.13,1723211954971,cobblestone
-0.6,-0.67,5.71,-0.07,-0.0,-0.17,1723211954980,cobblestone
-1.38,-2.46,9.5,0.01,0.08,-0.26,1723211954989,cobblestone
-2.04,-0.56,10.12,0.46,-0.05,0.12,1723211954998,cobblestone
-0.5,1.51,5.1,0.52,0.11,0.29,1723211955007,cobblestone
1.02,2.17,6.32,-0.1,0.17,0.11,1723211955016,cobblestone
0.45,-0.05,12.04,-0.5,0.1,-0.05,1723211955025,cobblestone
0.37,2.09,17.89,-0.03,0.04,-0.01,1723211955034,cobblestone
0.39,1.03,10.92,0.83,-0.03,0.07,1723211955043,cobblestone
1.54,-3.58,4.84,0.38,-0.06,-0.16,1723211955052,cobblestone
-0.08,4.0,4.47,-0.46,0.21,-0.2,1723211955061,cobblestone
-0.77,-1.88,11.29,-0.86,-0.11,-0.22,1723211955070,cobblestone
-1.0,-0.12,18.8,-0.3,0.28,0.05,1723211955079,cobblestone
-1.17,-0.77,9.69,0.83,-0.19,0.15,1723211955088,cobblestone
1.31,0.19,1.41,0.52,0.26,0.01,1723211955097,cobblestone
1.01,2.08,-0.03,-0.13,0.3,-0.1,1723211955106,cobblestone
0.01,-7.38,6.38,-0.91,-0.2,-0.4,1723211955115,cobblestone
-2.09,-3.52,16.92,-1.5,0.16,-0.54,1723211955124,cobblestone
-5.15,4.18,26.41,-0.3,0.15,0.06,1723211955133,cobblestone
-0.28,-0.07,15.72,1.34,-0.39,0.49,1723211955142,cobblestone
3.13,-1.03,6.56,0.64,0.27,0.35,1723211955151,cobblestone
0.86,2.68,1.43,-0.15,0.18,0.12,1723211955160,cobblestone
4.64,-3.21,7.22,-0.5,0.01,-0.29,1723211955169,cobblestone
1.36,2.63,11.42,-0.6,0.33,-0.48,1723211955178,cobblestone
-0.49,3.07,10.19,0.14,-0.16,-0.66,1723211955187,cobblestone
-0.57,-3.69,9.48,-0.26,-0.07,-0.77,1723211955196,cobblestone
-4.17,-4.53,13.56,-0.54,0.21,-0.24,1723211955205,cobblestone
-4.02,-1.88,17.24,-0.11,0.02,0.15,1723211955214,cobblestone
-1.53,-0.64,12.07,0.43,0.15,0.37,1723211955223,cobblestone
1.28,-2.15,5.19,0.34,0.09,0.32,1723211955232,cobblestone
2.72,-6.17,6.1,-0.24,0.18,0.17,1723211955241,cobblestone
3.19,2.38,11.84,-0.54,0.24,0.06,1723211955250,cobblestone
2.29,-1.49,18.63,-0.09,0.11,-0.21,1723211955259,cobblestone
0.96,5.12,16.28,0.75,0.08,-0.38,1723211955268,cobblestone
-0.33,2.58,8.05,0.65,-0.24,-0.28,1723211955277,cobblestone
-0.21,-0.45,6.35,0.01,0.19,-0.29,1723211955286,cobblestone
-2.23,-0.32,9.26,-0.34,0.11,-0.21,1723211955295,cobblestone
-1.46,3.19,12.06,0.22,0.18,-0.17,1723211955305,cobblestone
-2.34,1.45,4.6,0.67,-0.09,-0.06,1723211955314,cobblestone
-0.23,-9.04,5.47,0.14,-0.0,-0.12,1723211955323,cobblestone
-0.99,2.24,7.59,-0.54,0.32,-0.11,1723211955332,cobblestone
-0.77,1.88,15.3,-0.29,0.04,-0.14,1723211955341,cobblestone
-2.07,1.12,17.57,0.27,0.25,-0.13,1723211955350,cobblestone
-1.57,0.28,10.69,0.9,-0.37,-0.01,1723211955359,cobblestone
-0.27,0.25,6.75,0.26,0.17,0.01,1723211955368,cobblestone
0.3,1.22,10.27,-0.28,0.08,0.07,1723211955377,cobblestone
1.15,2.17,13.36,0.04,0.32,-0.09,1723211955386,cobblestone
-0.26,1.03,7.22,0.59,-0.1,-0.25,1723211955395,cobblestone
0.17,1.18,4.15,0.38,0.09,-0.28,1723211955404,cobblestone
-1.84,1.81,2.97,-0.08,0.09,-0.28,1723211955413,cobblestone
-1.51,0.61,9.17,-0.38,0.04,-0.18,1723211955422,cobblestone
-2.35,-1.78,12.5,-0.23,0.15,-0.11,1723211955431,cobblestone
-2.13,-0.79,12.1,0.06,0.01,-0.02,1723211955440,cobblestone
-1.59,-1.98,10.78,-0.06,0.05,0.02,1723211955449,cobblestone
-1.39,-2.56,12.11,-0.23,0.09,0.09,1723211955458,cobblestone
-0.47,0.64,13.8,-0.1,0.08,0.1,1723211955467,cobblestone
-0.18,-0.08,11.03,0.15,-0.01,0.08,1723211955476,cobblestone
0.45,-2.68,8.07,0.01,-0.0,0.11,1723211955485,cobblestone
0.42,-1.11,9.45,-0.36,0.16,0.03,1723211955494,cobblestone
-0.49,-0.01,10.67,-0.04,0.06,-0.01,1723211955503,cobblestone
-0.57,1.01,7.43,0.37,-0.09,-0.09,1723211955512,cobblestone
-1.38,-1.52,2.96,0.23,-0.11,-0.12,1723211955521,cobblestone
-1.88,-5.78,6.15,-0.41,-0.04,-0.03,1723211955530,cobblestone
-2.27,-0.67,13.63,-0.79,0.15,0.11,1723211955539,cobblestone
-2.04,1.2,19.64,-0.32,0.08,0.33,1723211955548,cobblestone
0.24,1.42,15.75,0.44,-0.13,0.41,1723211955557,cobblestone
2.01,-0.6,7.5,0.53,-0.01,0.27,1723211955566,cobblestone
1.78,-1.64,5.05,-0.01,0.13,0.17,1723211955575,cobblestone
1.9,0.9,9.7,-0.58,0.06,-0.07,1723211955584,cobblestone
0.08,0.84,13.9,-0.45,0.06,-0.18,1723211955593,cobblestone
-1.13,-1.45,16.29,0.02,-0.14,-0.09,1723211955602,cobblestone
-1.57,-1.59,11.68,0.29,-0.07,0.11,1723211955611,cobblestone
-0.33,0.55,7.95,0.13,-0.05,0.24,1723211955620,cobblestone
0.28,-1.75,9.09,-0.14,0.11,0.15,1723211955629,cobblestone
0.96,-1.08,12.2,-0.03,-0.05,0.06,1723211955638,cobblestone
0.32,-1.52,11.74,0.14,0.04,-0.02,1723211955647,cobblestone
0.01,-3.72,11.84,0.15,-0.14,-0.06,1723211955656,cobblestone
-0.57,0.87,11.73,0.32,0.02,-0.04,1723211955665,cobblestone
-1.12,-0.42,10.35,0.54,-0.22,0.05,1723211955674,cobblestone
-0.41,4.19,7.25,0.56,0.01,0.2,1723211955683,cobblestone
0.15,0.33,5.11,0.35,-0.08,0.17,1723211955692,cobblestone
2.15,1.83,9.58,0.04,0.1,0.1,1723211955701,cobblestone
0.57,-1.89,9.54,0.06,0.06,0.01,1723211955710,cobblestone
0.33,0.45,12.39,0.13,0.04,-0.13,1723211955719,cobblestone
-0.57,3.05,12.72,0.27,-0.04,-0.07,1723211955728,cobblestone
-1.17,4.19,11.34,0.16,-0.08,0.04,1723211955737,cobblestone
-0.19,6.85,10.89,0.02,0.02,0.27,1723211955746,cobblestone
2.94,0.62,8.06,-0.0,-0.02,0.23,1723211955755,cobblestone
2.05,-6.19,8.1,-0.28,0.14,-0.12,1723211955764,cobblestone
0.8,-6.44,8.96,-0.35,-0.06,-0.28,1723211955773,cobblestone
-1.44,-3.36,12.8,-0.4,0.01,-0.42,1723211955782,cobblestone
-2.89,-3.11,15.16,-0.09,-0.16,-0.2,1723211955791,cobblestone
-2.78,-2.38,13.8,0.37,-0.0,0.23,1723211955800,cobblestone
-0.78,4.43,8.63,0.45,-0.01,0.53,1723211955809,cobblestone
1.95,2.31,5.6,0.35,0.09,0.4,1723211955818,cobblestone
2.97,3.59,5.85,-0.14,0.19,0.08,1723211955827,cobblestone
2.48,-1.35,9.08,-0.22,-0.01,-0.24,1723211955836,cobblestone
0.91,-4.88,7.98,0.2,-0.01,-0.45,1723211955845,cobblestone
0.84,-1.69,3.56,0.39,-0.19,-0.18,1723211955854,cobblestone
-0.05,-1.89,3.04,0.17,0.07,-0.13,1723211955863,cobblestone
-1.63,3.88,3.63,-0.4,0.09,-0.05,1723211955872,cobblestone
-0.09,2.05,10.38,-0.47,0.06,0.1,1723211955881,cobblestone
0.58,-2.95,14.91,-0.49,0.25,0.2,1723211955890,cobblestone
2.9,-1.87,17.34,-0.32,0.17,0.16,1723211955899,cobblestone
1.94,-6.59,15.56,0.02,0.17,-0.22,1723211955908,cobblestone
-0.64,-3.65,10.43,0.13,0.07,-0.44,1723211955917,cobblestone
-3.0,-2.32,15.16,-0.31,-0.02,-0.45,1723211955926,cobblestone
-4.25,-4.52,21.39,-0.45,0.07,-0.02,1723211955935,cobblestone
-1.74,1.37,23.8,0.41,0.12,0.44,1723211955944,cobblestone
-0.04,5.65,10.12,1.1,0.03,0.47,1723211955953,cobblestone
0.88,5.62,2.01,0.82,0.25,0.11,1723211955962,cobblestone
2.59,0.06,1.13,0.33,0.12,0.02,1723211955971,cobblestone
3.02,-2.2,2.8,-0.27,0.11,-0.24,1723211955980,cobblestone
1.67,-1.31,6.7,-0.94,0.02,-0.35,1723211955989,cobblestone
0.96,-1.03,19.97,-0.97,0.22,-0.48,1723211955998,cobblestone
-2.61,-0.11,24.52,-0.04,0.13,-0.3,1723211956007,cobblestone
-2.65,-1.13,13.49,1.25,-0.15,-0.02,1723211956016,cobblestone
0.18,-0.06,2.35,1.07,0.01,0.07,1723211956025,cobblestone
0.31,4.74,-0.4,1.03,0.66,0.33,1723211956034,cobblestone
-0.23,-4.91,1.73,0.7,0.02,-0.04,1723211956043,cobblestone
0.46,-14.0,9.38,-0.59,0.2,-0.17,1723211956052,cobblestone
-0.68,-1.21,6.39,-1.87,0.04,-0.22,1723211956061,cobblestone
0.27,6.54,23.14,-2.4,0.17,-0.42,1723211956070,cobblestone
-6.37,-1.69,33.78,-0.51,0.66,-0.26,1723211956079,cobblestone
-3.59,-4.07,20.59,2.19,-0.64,0.15,1723211956088,cobblestone
-1.4,3.64,-2.28,1.45,0.49,0.28,1723211956097,cobblestone
1.42,-2.55,0.38,1.57,0.23,0.35,1723211956106,cobblestone
1.86,-0.06,-3.42,0.51,0.18,0.14,1723211956115,cobblestone
1.91,-0.25,4.93,0.16,-0.38,-0.2,1723211956124,cobblestone
-1.06,-2.74,3.28,-0.8,0.05,-0.51,1723211956133,cobblestone
-1.49,-4.66,7.29,-1.72,-0.45,-0.38,1723211956142,cobblestone
-2.43,2.85,8.12,-2.27,0.24,-0.25,1723211956151,cobblestone
-6.03,-5.95,29.33,-1.48,0.54,0.08,1723211956160,cobblestone
-4.08,-6.1,30.89,0.38,-0.32,0.61,1723211956169,cobblestone
1.52,3.84,13.63,1.5,-0.18,0.59,1723211956178,cobblestone
0.59,-12.68,2.16,0.7,0.15,0.17,1723211956187,cobblestone
4.04,4.9,-7.09,-0.41,0.27,-0.09,1723211956196,cobblestone
-0.27,-5.37,6.13,-0.37,-0.18,-0.27,1723211956205,cobblestone
2.14,3.24,10.86,-1.34,0.05,-0.36,1723211956214,cobblestone
-1.69,3.25,22.12,-0.67,0.11,-0.27,1723211956223,cobblestone
-3.21,-3.03,20.57,0.23,0.04,-0.16,1723211956232,cobblestone
-1.45,-0.59,10.24,0.69,-0.27,0.06,1723211956241,cobblestone
-0.42,1.68,6.65,-0.17,0.08,0.02,1723211956250,cobblestone
-0.66,1.71,9.36,-0.53,0.15,0.02,1723211956259,cobblestone
0.49,2.39,14.01,-0.12,0.05,-0.03,1723211956268,cobblestone
-0.95,-0.06,9.82,0.29,0.01,-0.08,1723211956277,cobblestone
-0.74,-1.44,9.77,-0.1,0.02,-0.12,1723211956286,cobblestone
-1.79,1.22,13.58,-0.41,0.13,-0.06,1723211956295,cobblestone
-1.6,6.26,16.42,0.03,0.03,0.07,1723211956305,cobblestone
-0.65,3.15,11.76,0.31,-0.07,0.17,1723211956314,cobblestone
0.0,-0.81,7.29,-0.04,0.04,0.11,1723211956323,cobblestone
0.5,-1.96,8.55,-0.44,0.12,0.06,1723211956332,cobblestone
0.72,-1.29,12.93,-0.52,0.13,-0.12,1723211956341,cobblestone
-0.45,-0.91,14.44,0.17,-0.16,-0.09,1723211956355,cobblestone
-2.93,-2.35,11.76,0.38,-0.08,-0.16,1723211956359,cobblestone
-2.53,-2.94,5.89,0.27,-0.07,-0.04,1723211956368,cobblestone
-1.08,-0.46,5.95,0.02,0.16,0.07,1723211956377,cobblestone
-1.19,1.61,9.51,-0.27,0.07,0.06,1723211956386,cobblestone
-0.18,1.25,15.19,-0.2,0.08,0.12,1723211956395,cobblestone
-0.24,1.09,16.35,0.22,-0.03,0.1,1723211956404,cobblestone
-0.03,-0.28,11.68,0.59,-0.07,0.14,1723211956413,cobblestone
0.43,2.61,7.36,0.29,0.09,0.02,1723211956422,cobblestone
-0.82,0.02,7.69,-0.26,0.04,-0.0,1723211956431,cobblestone
-0.95,0.81,11.52,-0.13,0.12,-0.03,1723211956440,cobblestone
-1.22,-1.17,8.6,0.37,-0.15,0.09,1723211956449,cobblestone
0.17,-2.72,5.28,0.24,-0.05,0.12,1723211956458,cobblestone
-0.24,-0.65,2.12,0.02,0.08,0.14,1723211956467,cobblestone
-0.84,-7.88,8.68,-0.54,-0.19,0.06,1723211956476,cobblestone
-0.33,-0.11,14.82,-0.5,0.17,0.01,1723211956485,cobblestone
-1.64,-5.83,19.39,0.02,-0.15,0.08,1723211956494,cobblestone
-0.43,3.66,19.59,0.5,-0.02,0.11,1723211956503,cobblestone
-0.28,6.24,12.25,0.59,-0.25,0.38,1723211956512,cobblestone
2.27,-0.49,7.24,0.39,-0.1,0.32,1723211956521,cobblestone
1.7,1.47,5.27,0.18,0.13,0.11,1723211956530,cobblestone
2.17,-0.21,7.9,0.07,-0.04,-0.06,1723211956539,cobblestone
0.54,2.86,7.52,0.16,0.09,-0.16,1723211956548,cobblestone
-0.72,-0.19,4.46,0.2,-0.16,-0.23,1723211956557,cobblestone
-0.49,-1.06,7.82,-0.33,0.12,-0.04,1723211956566,cobblestone
-0.91,0.25,11.49,-0.33,0.01,0.18,1723211956575,cobblestone
0.24,-0.98,13.59,0.16,-0.03,0.29,1723211956584,cobblestone
1.92,0.32,9.26,0.39,-0.13,0.18,1723211956593,cobblestone
1.71,-2.65,5.8,-0.02,0.05,0.02,1723211956602,cobblestone
0.86,-0.91,12.59,-0.6,0.06,-0.24,1723211956611,cobblestone
-0.88,1.33,18.51,-0.14,-0.04,-0.22,1723211956620,cobblestone
-2.17,-0.46,16.0,0.72,-0.1,-0.02,1723211956629,cobblestone
-1.53,0.65,6.22,0.81,-0.12,0.15,1723211956638,cobblestone
0.33,-1.65,3.55,0.33,0.06,0.11,1723211956647,cobblestone
0.5,1.53,3.43,-0.15,0.01,0.09,1723211956656,cobblestone
0.96,2.65,7.5,-0.11,0.05,0.09,1723211956665,cobblestone
0.96,1.28,7.53,0.1,0.02,0.01,1723211956674,cobblestone
2.34,-1.98,8.19,-0.06,-0.0,0.04,1723211956683,cobblestone
2.29,-2.58,10.24,-0.6,0.22,-0.16,1723211956692,cobblestone
0.47,-4.91,16.47,-0.49,-0.03,-0.21,1723211956701,cobblestone
-0.63,-3.47,18.56,0.06,0.1,-0.2,1723211956710,cobblestone
-1.2,-0.19,10.94,0.66,-0.13,-0.04,1723211956719,cobblestone
-0.57,-0.18,7.35,0.26,-0.03,0.09,1723211956728,cobblestone
-0.12,4.69,7.89,-0.29,0.23,0.13,1723211956737,cobblestone
1.17,-3.82,14.74,-0.45,0.07,0.09,1723211956746,cobblestone
1.39,-1.19,16.48,-0.13,0.23,0.04,1723211956755,cobblestone
1.28,-2.01,10.46,0.42,-0.1,0.03,1723211956764,cobblestone
2.12,-1.72,6.48,0.12,0.17,-0.04,1723211956773,cobblestone
1.5,0.5,5.21,-0.11,0.1,-0.09,1723211956782,cobblestone
0.79,-2.32,9.55,-0.27,0.18,-0.15,1723211956791,cobblestone
-0.3,1.5,13.86,-0.17,0.21,-0.22,1723211956800,cobblestone
-0.5,2.77,13.66,0.15,0.12,-0.13,1723211956809,cobblestone
-0.28,1.68,8.97,0.21,0.16,-0.11,1723211956818,cobblestone
0.75,2.52,5.18,0.08,0.13,-0.12,1723211956827,cobblestone
0.85,-2.17,4.26,-0.05,0.13,-0.15,1723211956836,cobblestone
0.67,-2.58,8.23,-0.5,0.24,-0.2,1723211956845,cobblestone
-0.28,-2.97,13.79,-0.54,0.22,-0.29,1723211956854,cobblestone
-1.69,-4.68,17.06,-0.33,0.21,-0.32,1723211956863,cobblestone
-1.87,-1.92,15.3,0.22,0.1,-0.16,1723211956872,cobblestone
-1.47,-2.54,6.9,0.55,-0.01,-0.03,1723211956881,cobblestone
-0.71,0.64,3.45,0.18,0.24,-0.03,1723211956890,cobblestone
-0.16,0.48,4.58,-0.24,0.19,-0.09,1723211956899,cobblestone
-0.01,-3.39,10.63,-0.62,0.31,-0.28,1723211956908,cobblestone
-1.5,-1.64,18.39,-0.53,0.17,-0.34,1723211956917,cobblestone
-1.78,-9.11,20.83,-0.01,0.15,-0.23,1723211956926,cobblestone
-2.33,0.53,13.07,0.63,0.16,-0.13,1723211956935,cobblestone
-1.78,4.18,3.69,0.65,-0.03,0.08,1723211956944,cobblestone
0.94,5.05,2.63,0.23,0.19,0.03,1723211956953,cobblestone
-1.28,0.35,2.33,-0.11,-0.03,-0.16,1723211956962,cobblestone
0.69,-2.99,8.15,-0.61,0.19,-0.28,1723211956971,cobblestone
-1.95,0.79,15.94,-0.82,0.28,-0.23,1723211956980,cobblestone
-3.87,-2.53,19.37,-0.04,0.07,-0.25,1723211956989,cobblestone
-4.74,-1.3,15.43,0.38,-0.01,-0.02,1723211956998,cobblestone
-2.6,2.96,8.92,0.37,-0.08,0.29,1723211957007,cobblestone
0.28,-3.16,6.96,-0.03,0.08,0.43,1723211957016,cobblestone
1.79,3.45,11.83,-0.45,0.28,0.38,1723211957025,cobblestone
3.33,0.14,18.24,-0.28,0.07,0.1,1723211957034,cobblestone
1.49,5.34,17.61,0.42,-0.05,0.01,1723211957043,cobblestone
-0.21,1.71,3.89,0.88,-0.03,-0.18,1723211957052,cobblestone
1.13,0.44,4.38,0.33,-0.25,-0.28,1723211957061,cobblestone
-2.18,0.39,3.36,-0.7,0.19,-0.31,1723211957070,cobblestone
-3.48,-1.54,14.45,-1.01,-0.07,-0.14,1723211957079,cobblestone
-5.29,2.1,20.36,-0.48,0.31,0.05,1723211957088,cobblestone
-4.99,1.53,15.1,0.46,-0.24,0.33,1723211957097,cobblestone
-0.07,12.02,1.67,0.59,0.35,0.53,1723211957106,cobblestone
1.87,-2.1,2.92,0.5,-0.03,0.05,1723211957115,cobblestone
-1.2,-10.01,7.77,-0.8,0.03,0.12,1723211957124,cobblestone
0.4,-3.47,8.12,-1.35,-0.08,0.01,1723211957133,cobblestone
-1.12,-2.11,20.2,-1.31,0.36,-0.11,1723211957142,cobblestone
-3.72,-2.09,23.38,-0.05,-0.34,0.17,1723211957151,cobblestone
-1.11,0.6,14.17,1.14,-0.27,0.42,1723211957160,cobblestone
0.14,-1.97,1.98,0.95,-0.15,0.56,1723211957169,cobblestone
3.39,0.67,1.91,0.36,0.32,0.45,1723211957178,cobblestone
0.61,-6.05,2.5,-0.27,-0.14,0.19,1723211957187,cobblestone
2.6,-3.84,5.77,-1.05,-0.19,-0.0,1723211957196,cobblestone
-0.14,1.01,16.9,-1.35,0.26,-0.23,1723211957205,cobblestone
-3.52,-1.93,25.42,0.09,-0.25,-0.01,1723211957214,cobblestone
-3.39,-1.47,16.06,1.24,-0.3,0.31,1723211957223,cobblestone
-1.66,-3.07,5.06,0.58,-0.36,0.55,1723211957232,cobblestone
0.53,2.99,1.8,-0.04,0.23,0.54,1723211957241,cobblestone
1.77,-18.75,7.14,-0.57,-0.28,0.39,1723211957250,cobblestone
1.75,0.43,16.52,-0.9,0.38,0.16,1723211957259,cobblestone
-0.59,2.68,19.38,0.18,-0.17,0.16,1723211957268,cobblestone
0.54,-4.2,15.8,0.89,-0.5,0.25,1723211957277,cobblestone
0.24,3.24,11.47,0.21,-0.04,0.26,1723211957286,cobblestone
2.02,2.73,16.04,0.03,-0.26,0.42,1723211957295,cobblestone
2.84,-0.5,13.99,0.61,-0.06,0.28,1723211957305,cobblestone
1.08,2.84,6.22,0.94,-0.29,0.2,1723211957314,cobblestone
3.66,0.52,4.24,0.57,-0.18,0.06,1723211957323,cobblestone
0.2,1.02,5.55,0.02,-0.09,-0.05,1723211957332,cobblestone
0.84,0.81,6.75,-0.08,-0.07,-0.04,1723211957341,cobblestone
0.37,-0.91,10.19,0.26,-0.16,-0.05,1723211957350,cobblestone
-0.49,-1.51,5.84,0.41,-0.23,-0.18,1723211957359,cobblestone
-1.86,-4.33,4.74,0.09,-0.14,0.08,1723211957368,cobblestone
-0.65,0.62,8.41,-0.25,-0.01,0.06,1723211957377,cobblestone
-0.79,-1.5,12.41,-0.03,-0.2,0.16,1723211957386,cobblestone
0.53,2.63,13.6,0.35,-0.01,0.27,1723211957395,cobblestone
1.52,0.54,6.9,0.48,-0.25,0.3,1723211957404,cobblestone
3.08,0.35,7.04,-0.05,0.02,0.2,1723211957413,cobblestone
2.69,-0.21,10.86,-0.27,-0.08,0.04,1723211957422,cobblestone
2.23,-1.17,12.87,0.15,-0.1,-0.05,1723211957431,cobblestone
1.37,-3.1,7.13,0.55,-0.17,0.05,1723211957440,cobblestone
2.46,1.09,2.67,0.37,0.03,0.08,1723211957449,cobblestone
1.19,-2.68,0.73,0.31,-0.19,-0.12,1723211957458,cobblestone
0.82,-2.1,4.29,-0.39,-0.03,-0.02,1723211957467,cobblestone
0.26,0.96,11.93,-0.67,0.09,-0.06,1723211957476,cobblestone
-0.82,1.49,17.93,-0.19,0.04,-0.02,1723211957485,cobblestone
-0.44,-1.66,14.86,0.56,-0.18,0.01,1723211957494,cobblestone
0.01,-1.9,6.78,0.35,-0.07,0.03,1723211957503,cobblestone
0.43,-2.41,8.21,-0.3,-0.01,-0.08,1723211957512,cobblestone
-0.61,-2.84,14.35,-0.72,0.05,-0.15,1723211957521,cobblestone
-1.05,2.06,19.22,-0.25,-0.02,-0.07,1723211957530,cobblestone
-0.87,0.31,13.65,0.63,-0.15,0.04,1723211957539,cobblestone
0.34,-0.91,3.85,0.58,-0.06,0.12,1723211957548,cobblestone
1.4,-1.28,1.4,0.19,0.15,-0.01,1723211957557,cobblestone
0.56,-3.18,3.8,-0.58,-0.03,-0.16,1723211957566,cobblestone
0.21,-1.19,11.44,-1.08,-0.02,-0.32,1723211957575,cobblestone
-1.64,2.63,21.99,-0.58,0.14,-0.23,1723211957584,cobblestone
-1.03,-1.53,22.5,0.51,-0.23,-0.01,1723211957593,cobblestone
0.63,3.95,10.03,0.62,0.03,0.15,1723211957602,cobblestone
2.42,-6.07,5.77,0.28,0.07,0.0,1723211957611,cobblestone
2.61,1.91,4.35,-0.21,0.21,-0.21,1723211957620,cobblestone
1.42,1.53,8.03,-0.34,0.08,-0.47,1723211957629,cobblestone
-0.74,-0.55,10.28,-0.25,0.08,-0.53,1723211957638,cobblestone
-2.18,-2.05,11.65,-0.25,0.05,-0.37,1723211957647,cobblestone
-2.44,-3.43,13.68,-0.13,0.17,-0.25,1723211957656,cobblestone
-2.15,-4.21,12.9,-0.06,0.06,-0.02,1723211957665,cobblestone
0.32,-0.34,10.36,0.13,0.16,-0.0,1723211957674,cobblestone
0.88,-1.93,6.98,0.07,0.03,-0.08,1723211957683,cobblestone
1.5,3.25,9.98,-0.19,0.24,-0.19,1723211957692,cobblestone
-0.79,-5.24,14.04,-0.28,0.01,-0.34,1723211957701,cobblestone
-1.24,-1.56,17.31,-0.34,0.27,-0.43,1723211957710,cobblestone
-3.34,-0.37,16.7,0.2,0.08,-0.36,1723211957719,cobblestone
-2.79,3.79,11.08,0.51,0.05,-0.12,1723211957728,cobblestone
-2.22,4.25,2.95,0.51,-0.03,0.05,1723211957737,cobblestone
0.68,-1.36,2.06,0.25,0.14,-0.06,1723211957746,cobblestone
0.45,-4.37,3.9,-0.43,0.17,-0.09,1723211957755,cobblestone
0.09,-0.22,8.6,-0.79,0.23,-0.27,1723211957764,cobblestone
-2.16,-2.44,16.4,-0.57,0.13,-0.42,1723211957773,cobblestone
-2.12,-0.26,18.29,0.11,-0.13,-0.14,1723211957782,cobblestone
-1.03,-1.11,10.35,0.38,0.05,0.1,1723211957791,cobblestone
0.59,-1.32,5.92,0.14,0.15,0.03,1723211957800,cobblestone
-0.65,0.67,4.77,-0.07,0.18,-0.37,1723211957809,cobblestone
-1.59,-3.37,8.85,-0.41,-0.02,-0.35,1723211957818,cobblestone
-1.7,2.33,15.42,-0.37,0.17,-0.12,1723211957827,cobblestone
-1.95,-1.74,15.73,0.29,0.02,-0.04,1723211957836,cobblestone
-1.09,-2.11,12.16,0.43,-0.05,-0.12,1723211957845,cobblestone
-1.92,5.03,7.13,0.33,0.05,-0.01,1723211957854,cobblestone
-1.41,-1.62,6.88,0.01,-0.07,-0.18,1723211957863,cobblestone
-0.83,-1.01,13.54,-0.4,0.19,-0.08,1723211957872,cobblestone
-0.74,0.54,17.54,-0.01,-0.06,0.03,1723211957881,cobblestone
-0.33,-0.58,11.94,0.72,-0.05,0.14,1723211957890,cobblestone
0.64,-0.29,4.18,0.55,-0.0,0.11,1723211957899,cobblestone
0.84,-0.91,4.24,-0.04,0.1,-0.02,1723211957908,cobblestone
0.94,2.45,11.77,-0.66,0.11,-0.03,1723211957917,cobblestone
0.6,7.53,21.14,-0.48,0.2,-0.14,1723211957926,cobblestone
-1.43,4.55,21.59,0.58,-0.21,-0.17,1723211957935,cobblestone
-2.26,-1.25,9.41,0.86,-0.14,-0.16,1723211957944,cobblestone
-1.68,-3.89,4.11,0.39,-0.16,-0.12,1723211957953,cobblestone
-2.2,1.26,4.27,-0.19,0.1,-0.06,1723211957962,cobblestone
-2.87,0.93,7.66,-0.27,-0.14,0.07,1723211957971,cobblestone
-1.54,1.12,12.26,0.05,0.05,0.22,1723211957980,cobblestone
-0.98,5.23,8.53,0.54,-0.01,0.51,1723211957989,cobblestone
1.38,-0.98,4.77,0.4,-0.11,0.16,1723211957998,cobblestone
3.21,2.99,6.11,-0.71,0.1,0.13,1723211958007,cobblestone
0.64,-5.11,17.06,-0.57,-0.23,0.14,1723211958016,cobblestone
1.07,-5.17,16.53,0.05,0.34,-0.09,1723211958025,cobblestone
0.86,-0.1,6.05,1.48,-0.9,-0.08,1723211958034,cobblestone
-8.76,-15.55,4.76,0.65,-0.26,-0.1,1723211958043,cobblestone
-2.45,-5.07,1.86,-0.05,-0.08,-0.26,1723211958052,cobblestone
-3.65,-1.74,3.81,-0.56,-0.26,-0.06,1723211958061,cobblestone
-3.18,2.03,10.8,-0.47,0.26,0.02,1723211958070,cobblestone
-2.39,3.58,11.87,-0.05,-0.2,0.28,1723211958079,cobblestone
1.37,-2.91,10.02,0.17,-0.07,0.31,1723211958088,cobblestone
0.97,-3.99,7.7,-0.41,0.06,0.05,1723211958097,cobblestone
0.89,-7.04,14.37,-0.62,-0.09,-0.13,1723211958106,cobblestone
-1.22,-3.37,20.44,-0.62,0.11,-0.2,1723211958115,cobblestone
-0.69,1.74,20.65,0.33,-0.2,-0.02,1723211958124,cobblestone
0.63,0.83,7.39,1.01,-0.13,0.15,1723211958133,cobblestone
1.69,1.69,0.72,0.69,0.04,0.27,1723211958142,cobblestone
1.54,-1.8,1.85,0.46,0.1,-0.01,1723211958151,cobblestone
1.78,0.79,3.29,-0.28,-0.04,-0.19,1723211958160,cobblestone
0.67,-5.25,7.46,-1.15,-0.16,-0.43,1723211958169,cobblestone
-0.69,-0.42,20.53,-1.52,0.23,-0.44,1723211958178,cobblestone
-4.31,-0.71,28.71,-0.46,0.07,-0.13,1723211958187,cobblestone
-2.12,-2.12,21.47,1.15,-0.23,0.31,1723211958196,cobblestone
0.27,1.27,4.98,1.02,0.08,0.43,1723211958205,cobblestone
2.84,-5.99,-1.45,0.98,-0.03,0.3,1723211958214,cobblestone
1.3,1.16,-0.2,0.23,0.28,0.17,1723211958223,cobblestone
3.55,-0.27,5.01,-0.65,-0.26,-0.14,1723211958232,cobblestone
2.45,5.77,10.39,-1.28,0.18,-0.29,1723211958241,cobblestone
0.04,-1.35,21.87,-0.81,0.24,-0.29,1723211958250,cobblestone
-0.29,-3.65,24.6,0.51,-0.07,-0.09,1723211958259,cobblestone
-0.4,3.22,10.29,1.07,-0.12,-0.06,1723211958268,cobblestone
0.17,-0.27,4.19,0.54,-0.12,-0.07,1723211958277,cobblestone
0.36,0.23,3.76,-0.17,0.17,-0.09,1723211958286,cobblestone
0.05,-1.92,8.49,-0.37,0.06,-0.09,1723211958295,cobblestone
-0.15,-0.4,13.03,-0.03,0.22,-0.01,1723211958305,cobblestone
-0.31,1.89,10.56,0.34,-0.01,-0.01,1723211958314,cobblestone
0.35,2.77,7.36,0.2,0.08,-0.01,1723211958323,cobblestone
0.23,2.25,6.09,-0.11,0.12,0.02,1723211958332,cobblestone
1.09,-2.49,10.22,-0.32,0.13,-0.06,1723211958341,cobblestone
0.12,-1.76,13.16,-0.33,0.27,-0.16,1723211958350,cobblestone
-0.57,-2.95,12.77,0.15,-0.03,-0.22,1723211958364,cobblestone
-1.41,-1.38,11.06,0.18,-0.02,-0.27,1723211958368,cobblestone
-3.22,-3.04,9.77,-0.1,0.07,-0.25,1723211958377,cobblestone
-2.39,-4.37,11.66,-0.04,0.07,-0.07,1723211958386,cobblestone
-1.11,3.84,9.43,0.31,0.08,0.11,1723211958396,cobblestone
0.07,3.01,4.93,0.21,0.06,0.11,1723211958405,cobblestone
0.83,0.14,7.6,-0.32,0.19,-0.03,1723211958414,cobblestone
0.19,0.68,13.44,-0.63,0.21,-0.19,1723211958423,cobblestone
0.12,-0.63,17.33,-0.16,0.02,-0.2,1723211958432,cobblestone
-0.91,-3.48,11.18,0.41,-0.04,-0.02,1723211958442,cobblestone
1.37,-2.06,5.69,0.18,0.09,0.1,1723211958451,cobblestone
1.9,-1.44,7.6,-0.36,0.27,0.01,1723211958460,cobblestone
0.37,-4.4,13.03,-0.48,0.1,-0.27,1723211958470,cobblestone
-0.55,6.72,16.47,0.08,0.22,-0.29,1723211958479,cobblestone
-2.49,-0.46,9.31,0.64,-0.18,-0.14,1723211958488,cobblestone
-1.55,-4.03,5.72,0.16,0.09,-0.04,1723211958497,cobblestone
-1.03,-0.47,8.66,-0.54,0.2,0.06,1723211958506,cobblestone
0.21,-2.72,15.83,-0.53,0.13,0.16,1723211958515,cobblestone
1.36,0.04,16.93,0.03,0.07,0.17,1723211958524,cobblestone
3.38,-1.72,11.98,0.64,-0.11,0.11,1723211958533,cobblestone
1.98,-0.23,4.09,0.53,0.18,-0.17,1723211958542,cobblestone
0.47,-0.53,2.49,0.19,-0.16,-0.28,1723211958551,cobblestone
-0.58,-1.09,4.84,-0.19,0.2,-0.33,1723211958560,cobblestone
-2.35,0.95,10.09,-0.37,-0.09,-0.25,1723211958569,cobblestone
-3.25,-6.75,16.71,-0.16,0.18,-0.13,1723211958579,cobblestone
-4.61,1.17,16.4,0.0,0.09,0.18,1723211958588,cobblestone
-1.55,0.48,14.09,0.3,-0.02,0.36,1723211958597,cobblestone
0.32,-1.7,10.0,0.22,0.06,0.31,1723211958606,cobblestone
1.6,2.32,8.11,0.22,0.08,0.23,1723211958615,cobblestone
1.53,-0.66,5.63,0.28,0.1,-0.07,1723211958624,cobblestone
0.24,4.02,4.84,0.1,0.04,-0.21,1723211958633,cobblestone
-3.36,-3.25,6.8,-0.07,-0.02,-0.37,1723211958642,cobblestone
-2.92,0.7,11.72,-0.25,-0.03,-0.33,1723211958651,cobblestone
-3.65,-1.47,15.16,0.11,-0.1,-0.1,1723211958660,cobblestone
-3.7,-0.74,12.9,0.4,-0.11,0.09,1723211958669,cobblestone
-1.92,0.84,8.28,0.3,-0.11,0.29,1723211958678,cobblestone
0.43,-0.47,8.73,-0.08,0.04,0.23,1723211958687,cobblestone
0.7,3.65,10.88,-0.1,0.08,0.13,1723211958696,cobblestone
0.06,0.03,13.58,0.14,-0.09,-0.09,1723211958706,cobblestone
-0.51,5.39,10.76,0.31,-0.04,-0.15,1723211958715,cobblestone
-2.03,3.38,6.09,0.17,-0.2,-0.14,1723211958724,cobblestone
-3.02,-2.22,8.51,-0.27,-0.16,-0.16,1723211958734,cobblestone
-2.85,-1.46,11.92,-0.26,-0.22,0.01,1723211958743,cobblestone
-1.96,-0.73,12.0,0.15,-0.15,0.03,1723211958752,cobblestone
-2.15,-0.21,5.97,0.24,-0.33,0.1,1723211958762,cobblestone
-0.89,-1.47,6.98,-0.08,-0.17,0.12,1723211958771,cobblestone
-1.59,0.48,10.68,-0.24,-0.14,0.13,1723211958780,cobblestone
-0.74,2.68,13.37,0.01,-0.18,0.28,1723211958789,cobblestone
0.52,3.85,10.53,0.28,-0.25,0.28,1723211958798,cobblestone
1.41,1.67,7.89,-0.02,-0.19,0.27,1723211958807,cobblestone
1.96,-2.66,9.41,-0.47,-0.13,0.22,1723211958817,cobblestone
2.07,-3.24,11.89,-0.39,-0.15,0.1,1723211958826,cobblestone
1.35,-3.97,10.27,-0.03,-0.26,0.0,1723211958835,cobblestone
0.85,-2.72,6.93,0.06,-0.32,-0.01,1723211958844,cobblestone
-0.43,-2.53,4.66,0.02,-0.2,-0.04,1723211958853,cobblestone
-1.03,-8.99,7.76,-0.3,-0.23,0.0,1723211958862,cobblestone
-2.2,-1.25,13.06,-0.56,0.01,-0.15,1723211958871,cobblestone
-3.15,1.02,17.22,-0.27,-0.21,-0.05,1723211958880,cobblestone
-2.05,-0.01,15.69,0.38,-0.38,0.23,1723211958889,cobblestone
0.9,0.15,8.41,0.22,-0.33,0.55,1723211958898,cobblestone
3.6,-1.83,8.17,-0.2,0.01,0.44,1723211958907,cobblestone
2.74,-2.59,12.47,-0.54,-0.04,-0.09,1723211958916,cobblestone
2.96,2.27,15.78,-0.01,-0.32,-0.27,1723211958925,cobblestone
1.62,-2.23,8.68,0.63,-0.29,-0.25,1723211958934,cobblestone
0.69,0.85,2.98,0.34,-0.13,-0.46,1723211958943,cobblestone
-0.81,-1.63,3.01,-0.25,-0.09,-0.41,1723211958952,cobblestone
-1.25,-1.37,10.88,-0.84,-0.16,-0.32,1723211958961,cobblestone
-2.03,0.62,18.41,-0.61,0.09,-0.22,1723211958970,cobblestone
-2.04,0.25,21.72,-0.14,-0.12,-0.02,1723211958979,cobblestone
0.15,-4.79,18.48,0.41,-0.08,-0.06,1723211958988,cobblestone
-0.2,2.81,7.84,0.44,-0.05,-0.09,1723211958997,cobblestone
1.08,0.2,7.84,-0.0,-0.04,-0.11,1723211959006,cobblestone
1.44,3.72,9.51,-0.05,0.11,-0.14,1723211959015,cobblestone
1.31,1.05,8.16,0.2,-0.01,-0.18,1723211959024,cobblestone
1.99,4.0,7.56,0.14,0.12,-0.13,1723211959033,cobblestone
1.05,1.94,6.08,0.1,-0.03,-0.34,1723211959042,cobblestone
1.78,-2.63,7.31,-0.2,0.03,-0.4,1723211959051,cobblestone
-1.79,-5.23,13.34,-0.44,0.21,-0.54,1723211959060,cobblestone
-1.55,-4.23,16.23,-0.17,-0.03,-0.43,1723211959069,cobblestone
-1.12,1.06,16.82,0.19,0.11,-0.28,1723211959078,cobblestone
-1.5,-0.25,11.13,0.47,-0.06,0.04,1723211959087,cobblestone
1.44,-1.35,7.89,0.25,0.17,-0.0,1723211959096,cobblestone
1.48,2.86,6.91,0.03,0.2,-0.06,1723211959105,cobblestone
2.97,0.67,8.22,-0.04,0.11,-0.26,1723211959114,cobblestone
1.36,0.35,10.51,-0.08,0.25,-0.46,1723211959123,cobblestone
-0.64,-0.65,10.2,0.17,0.03,-0.5,1723211959132,cobblestone
-1.9,-1.18,9.44,0.03,0.14,-0.51,1723211959141,cobblestone
-2.47,-3.87,10.35,-0.05,0.15,-0.3,1723211959150,cobblestone
-1.69,-1.07,11.4,0.08,0.19,-0.18,1723211959159,cobblestone
-0.23,-0.65,9.99,0.28,0.1,0.0,1723211959168,cobblestone
1.39,1.77,7.7,0.2,0.25,-0.06,1723211959177,cobblestone
0.89,4.45,7.56,-0.1,0.27,-0.12,1723211959186,cobblestone
3.83,2.04,11.96,-0.21,0.2,-0.36,1723211959195,cobblestone
1.13,-0.59,13.61,-0.21,0.27,-0.43,1723211959204,cobblestone
0.23,-2.1,14.01,-0.05,0.18,-0.44,1723211959213,cobblestone
0.17,-3.14,13.3,-0.05,0.22,-0.53,1723211959222,cobblestone
-1.22,0.53,10.99,0.11,0.3,-0.39,1723211959231,cobblestone
-1.31,-0.99,8.65,0.28,0.14,-0.43,1723211959240,cobblestone
-1.51,0.81,6.22,0.11,0.25,-0.39,1723211959249,cobblestone
-1.8,1.24,6.64,-0.09,0.3,-0.32,1723211959258,cobblestone
-1.32,0.53,12.39,-0.33,0.3,-0.2,1723211959267,cobblestone
-0.56,2.05,14.34,-0.14,0.31,-0.2,1723211959276,cobblestone
0.27,-3.21,14.85,0.06,0.15,-0.19,1723211959285,cobblestone
-0.21,-1.85,11.38,0.21,0.27,-0.37,1723211959294,cobblestone
-0.85,-1.65,8.87,0.11,0.17,-0.46,1723211959304,cobblestone
-2.45,1.56,9.43,-0.03,0.32,-0.42,1723211959313,cobblestone
-2.49,1.94,9.73,0.19,0.09,-0.2,1723211959322,cobblestone
-2.52,0.28,4.85,0.25,0.31,-0.13,1723211959331,cobblestone
-1.05,-0.3,3.49,0.09,0.22,-0.1,1723211959340,cobblestone
-0.19,-11.91,7.24,-0.25,0.38,-0.14,1723211959349,cobblestone
-0.53,-2.96,11.5,-0.63,0.33,-0.3,1723211959359,cobblestone
-1.71,-2.85,20.11,-0.41,0.3,-0.3,1723211959369,cobblestone
-2.32,-2.79,20.34,0.52,0.14,-0.15,1723211959379,cobblestone
-1.6,0.57,9.85,0.75,0.15,-0.08,1723211959388,cobblestone
-0.39,0.06,3.67,0.36,0.26,-0.14,1723211959397,cobblestone
-0.67,0.72,2.55,-0.21,0.26,-0.22,1723211959406,cobblestone
-0.77,-1.04,8.8,-0.38,0.24,-0.29,1723211959415,cobblestone
-2.6,-5.32,11.15,0.0,0.2,-0.3,1723211959424,cobblestone
-3.52,-7.61,10.01,-0.07,0.19,-0.13,1723211959433,cobblestone
-2.21,-0.24,13.82,-0.38,0.32,-0.01,1723211959442,cobblestone
-2.26,-3.43,17.1,-0.15,0.15,0.15,1723211959451,cobblestone
-0.74,4.04,14.39,0.43,0.21,0.21,1723211959460,cobblestone
0.07,2.57,4.74,0.84,-0.05,0.19,1723211959469,cobblestone
1.42,-1.44,2.32,0.31,0.24,-0.07,1723211959478,cobblestone
-0.04,1.78,5.71,-0.59,0.14,-0.13,1723211959487,cobblestone
-0.94,-2.49,13.9,-0.97,0.17,-0.35,1723211959496,cobblestone
-4.08,-1.88,20.62,-0.24,0.15,-0.19,1723211959505,cobblestone
-4.75,-1.21,14.91,0.79,-0.11,0.08,1723211959514,cobblestone
-2.54,2.74,3.04,0.83,-0.07,0.46,1723211959523,cobblestone
0.75,1.56,3.15,0.28,0.22,0.42,1723211959532,cobblestone
0.72,-0.24,3.06,-0.71,0.16,0.24,1723211959541,cobblestone
1.78,4.17,14.27,-1.06,0.12,0.19,1723211959550,cobblestone
-0.12,-0.8,21.26,-0.41,0.16,0.1,1723211959559,cobblestone
-0.02,-0.58,17.42,0.67,-0.29,0.07,1723211959568,cobblestone
-1.37,3.41,6.8,0.44,-0.0,0.01,1723211959577,cobblestone
-1.77,1.31,4.95,0.06,-0.14,0.09,1723211959586,cobblestone
-2.09,3.02,7.93,-0.14,0.06,0.33,1723211959595,cobblestone
-0.88,1.7,8.73,0.13,-0.23,0.6,1723211959604,cobblestone
1.35,0.94,7.16,0.14,-0.1,0.6,1723211959613,cobblestone
1.4,-2.06,6.27,-0.24,-0.05,0.46,1723211959622,cobblestone
1.27,-1.07,12.52,-0.52,-0.02,0.29,1723211959631,cobblestone
0.62,1.38,16.48,-0.08,-0.12,0.35,1723211959640,cobblestone
0.25,-3.09,14.18,0.23,-0.23,0.28,1723211959649,cobblestone
1.01,-0.47,11.83,0.1,-0.19,0.31,1723211959658,cobblestone
0.94,2.92,11.39,-0.19,-0.14,0.26,1723211959667,cobblestone
0.93,-1.97,12.11,0.08,-0.26,0.27,1723211959676,cobblestone
0.18,1.16,6.06,0.59,-0.14,0.22,1723211959685,cobblestone
-1.25,-4.3,2.42,0.49,-0.3,0.13,1723211959694,cobblestone
0.67,-1.79,2.03,0.17,-0.08,0.06,1723211959703,cobblestone
-0.69,-5.29,4.47,-0.52,-0.34,0.08,1723211959712,cobblestone
0.47,0.52,14.91,-1.12,-0.26,0.12,1723211959721,cobblestone
-1.19,-0.98,23.89,-0.34,-0.06,0.44,1723211959730,cobblestone
1.98,-0.96,18.49,0.76,-0.51,0.73,1723211959739,cobblestone
4.92,2.93,9.19,0.65,0.18,0.56,1723211959748,cobblestone
3.1,-6.62,1.14,0.09,-0.02,0.01,1723211959757,cobblestone
4.47,-1.15,3.86,-0.23,-0.49,-0.14,1723211959766,cobblestone
1.19,-1.46,8.46,-0.44,-0.04,-0.35,1723211959775,cobblestone
-0.36,-3.05,14.43,-0.28,-0.45,-0.18,1723211959784,cobblestone
-0.47,1.87,15.98,-0.07,0.02,0.01,1723211959793,cobblestone
-0.19,-3.47,11.88,0.26,-0.35,0.34,1723211959802,cobblestone
3.44,-2.05,8.22,0.14,0.3,0.2,1723211959811,cobblestone
2.32,0.47,3.27,-0.09,-0.06,-0.05,1723211959820,cobblestone
3.25,-1.41,12.25,-0.47,-0.02,-0.3,1723211959829,cobblestone
-0.32,0.8,15.81,-0.35,-0.08,-0.4,1723211959838,cobblestone
-0.55,-0.71,16.57,0.36,-0.17,-0.15,1723211959847,cobblestone
-1.29,1.17,7.99,0.51,-0.03,0.03,1723211959856,cobblestone
1.53,-0.31,5.72,0.26,-0.15,0.12,1723211959865,cobblestone
3.19,0.08,4.81,-0.24,0.28,-0.0,1723211959874,cobblestone
2.61,-0.34,10.2,-0.34,-0.09,-0.18,1723211959883,cobblestone
2.07,2.08,14.38,-0.07,0.14,-0.23,1723211959892,cobblestone
0.45,-0.56,12.65,0.24,-0.09,-0.31,1723211959901,cobblestone
1.16,-0.16,9.86,0.09,0.18,-0.21,1723211959910,cobblestone
0.36,-0.89,10.03,-0.21,0.13,-0.2,1723211959919,cobblestone
0.63,-0.54,13.41,-0.18,0.22,-0.32,1723211959928,cobblestone
0.11,3.25,12.23,0.2,0.04,-0.31,1723211959937,cobblestone
-1.11,-0.45,8.87,0.21,0.03,-0.43,1723211959946,cobblestone
-0.81,-1.7,9.44,-0.13,0.1,-0.4,1723211959955,cobblestone
-2.24,1.37,12.97,-0.09,0.21,-0.25,1723211959964,cobblestone
-1.87,0.79,12.84,0.34,0.01,-0.05,1723211959973,cobblestone
-0.2,2.55,9.1,0.37,0.13,-0.02,1723211959982,cobblestone
0.73,4.73,7.3,0.04,0.18,-0.03,1723211959991,cobblestone
0.91,4.16,11.22,-0.2,0.23,-0.27,1723211960000,cobblestone
1.04,1.31,11.73,-0.04,0.07,-0.42,1723211960009,cobblestone
0.64,-2.73,11.35,-0.04,0.11,-0.62,1723211960018,cobblestone
-1.48,-4.57,11.57,-0.18,0.11,-0.62,1723211960027,cobblestone
-2.8,-2.19,11.36,0.05,0.21,-0.41,1723211960036,cobblestone
-2.99,-2.13,7.84,0.28,0.05,-0.23,1723211960045,cobblestone
-1.39,-0.93,5.52,0.23,0.06,-0.11,1723211960054,cobblestone
-0.3,-3.07,5.44,-0.03,0.2,-0.18,1723211960063,cobblestone
0.4,-5.3,9.54,-0.5,0.21,-0.24,1723211960072,cobblestone
0.1,-0.79,17.37,-0.51,0.39,-0.22,1723211960081,cobblestone
-0.62,-1.52,20.24,0.16,0.1,-0.15,1723211960090,cobblestone
-0.36,-2.67,12.64,0.73,0.07,-0.11,1723211960099,cobblestone
0.46,1.11,4.16,0.57,0.03,-0.14,1723211960108,cobblestone
0.11,-4.96,1.78,0.23,0.11,-0.19,1723211960117,cobblestone
-0.85,-3.0,5.44,-0.47,0.24,-0.22,1723211960126,cobblestone
-1.54,-0.4,13.87,-0.44,0.18,-0.25,1723211960135,cobblestone
-3.36,-1.37,15.4,0.17,0.2,-0.18,1723211960144,cobblestone
-3.1,-2.07,9.04,0.72,-0.06,-0.02,1723211960153,cobblestone
-2.0,-2.43,4.94,0.3,0.09,0.04,1723211960162,cobblestone
-0.95,0.05,8.5,-0.35,0.15,0.1,1723211960171,cobblestone
-0.48,-3.89,16.97,-0.48,0.23,0.07,1723211960180,cobblestone
-1.33,-3.74,18.02,0.1,0.1,0.07,1723211960189,cobblestone
0.29,1.82,11.82,0.93,-0.15,0.02,1723211960198,cobblestone
-1.02,3.5,2.66,0.63,-0.01,-0.01,1723211960207,cobblestone
-0.06,7.66,4.14,-0.1,-0.01,0.08,1723211960216,cobblestone
-1.12,2.0,11.36,-0.54,0.06,0.04,1723211960225,cobblestone
-0.72,-0.37,15.32,-0.37,0.12,0.18,1723211960234,cobblestone
0.34,-1.26,14.24,0.05,-0.04,0.19,1723211960243,cobblestone
0.94,-1.99,7.62,0.27,-0.06,-0.0,1723211960252,cobblestone
0.28,-1.57,5.53,0.01,0.01,0.03,1723211960261,cobblestone
1.04,1.15,8.06,-0.26,0.05,0.01,1723211960270,cobblestone
0.94,3.11,11.4,-0.31,0.14,-0.09,1723211960279,cobblestone
0.32,-1.18,13.47,-0.15,-0.06,-0.19,1723211960288,cobblestone
0.12,-3.41,11.5,-0.02,0.12,-0.27,1723211960297,cobblestone
-0.14,-1.85,6.72,0.07,-0.15,-0.33,1723211960307,cobblestone
-2.05,1.96,6.5,-0.07,0.04,-0.33,1723211960316,cobblestone
-4.05,-4.54,6.57,-0.22,-0.08,-0.15,1723211960325,cobblestone
-3.36,-3.13,9.22,-0.26,0.06,0.06,1723211960334,cobblestone
-1.66,0.08,10.33,-0.08,-0.1,0.42,1723211960343,cobblestone
1.69,-0.99,9.73,-0.01,0.11,0.59,1723211960352,cobblestone
3.5,0.75,9.07,-0.33,0.15,0.32,1723211960366,cobblestone
2.76,-0.42,11.64,-0.42,0.1,0.11,1723211960370,cobblestone
3.22,2.07,15.5,-0.17,0.12,-0.13,1723211960379,cobblestone
0.88,1.13,12.56,0.19,-0.15,-0.11,1723211960388,cobblestone
0.39,2.42,12.0,-0.21,0.07,-0.13,1723211960397,cobblestone
-1.41,-0.95,15.94,-0.68,0.17,-0.01,1723211960406,cobblestone
-1.25,1.35,20.59,-0.22,0.16,-0.07,1723211960415,cobblestone
-0.81,3.6,14.01,0.64,-0.13,0.15,1723211960424,cobblestone
0.79,2.98,5.35,0.49,-0.04,0.25,1723211960433,cobblestone
2.54,-3.96,4.16,-0.1,0.09,0.04,1723211960442,cobblestone
1.78,1.21,9.48,-0.75,0.19,-0.24,1723211960451,cobblestone
0.36,1.87,16.23,-0.31,0.05,-0.29,1723211960460,cobblestone
-0.78,-2.23,15.09,0.48,0.03,-0.04,1723211960469,cobblestone
-0.71,1.56,8.53,0.41,0.05,-0.02,1723211960478,cobblestone
-0.29,1.9,8.78,-0.12,0.07,-0.09,1723211960487,cobblestone
-1.33,1.28,13.77,-0.2,0.17,-0.06,1723211960496,cobblestone
-0.52,-4.42,13.85,0.33,-0.1,0.18,1723211960505,cobblestone
1.4,1.14,5.78,0.65,0.23,0.24,1723211960514,cobblestone
1.28,-5.55,2.43,0.38,-0.13,0.11,1723211960523,cobblestone
1.03,0.0,2.68,-0.1,-0.03,-0.12,1723211960532,cobblestone
-0.72,-4.46,7.68,-0.28,-0.06,-0.21,1723211960541,cobblestone
-0.41,1.23,10.55,-0.1,0.13,-0.16,1723211960550,cobblestone
-2.82,2.1,8.76,0.24,0.06,-0.23,1723211960559,cobblestone
-3.45,-5.67,8.9,-0.17,-0.17,-0.14,1723211960568,cobblestone
-3.55,-1.19,15.62,-0.55,0.2,-0.0,1723211960577,cobblestone
-2.51,1.23,19.1,-0.06,-0.01,0.38,1723211960586,cobblestone
1.24,-0.98,13.67,0.58,0.02,0.57,1723211960595,cobblestone
5.14,0.64,7.46,0.57,0.2,0.4,1723211960604,cobblestone
3.03,-1.31,4.07,0.02,0.02,0.13,1723211960613,cobblestone
4.79,-4.47,9.06,-0.34,-0.03,-0.23,1723211960622,cobblestone
1.16,6.32,12.99,-0.27,0.32,-0.33,1723211960631,cobblestone
-0.75,0.93,9.74,0.73,-0.23,-0.41,1723211960640,cobblestone
-0.11,0.76,2.05,0.36,0.06,-0.5,1723211960649,cobblestone
-0.68,3.04,6.5,-0.41,0.17,-0.26,1723211960658,cobblestone
-3.71,-6.33,13.18,-0.8,0.21,0.05,1723211960667,cobblestone
-2.81,6.68,19.13,-0.43,0.35,0.23,1723211960676,cobblestone
-0.96,1.17,15.0,0.64,-0.19,0.39,1723211960685,cobblestone
1.55,0.7,5.38,0.55,0.13,0.24,1723211960694,cobblestone
1.07,-3.5,3.43,0.01,0.05,0.14,1723211960703,cobblestone
2.43,-2.78,8.41,-0.59,0.08,0.04,1723211960712,cobblestone
0.95,3.07,12.57,-0.58,0.32,-0.21,1723211960721,cobblestone
-0.77,-3.02,15.32,0.12,-0.25,-0.1,1723211960730,cobblestone
-0.78,-0.97,12.33,0.26,0.17,0.07,1723211960739,cobblestone
-0.31,-1.04,8.31,0.17,-0.18,0.19,1723211960748,cobblestone
0.9,1.36,9.33,-0.12,0.2,0.11,1723211960757,cobblestone
0.14,0.69,12.28,-0.16,-0.02,0.05,1723211960766,cobblestone
0.26,0.97,13.76,0.06,0.1,0.06,1723211960775,cobblestone
-0.59,-0.05,9.3,0.27,-0.08,0.06,1723211960784,cobblestone
0.49,0.69,6.17,0.14,0.01,0.09,1723211960793,cobblestone
0.0,-1.16,5.15,-0.07,0.01,0.06,1723211960802,cobblestone
0.07,-1.4,7.64,-0.21,0.05,0.04,1723211960811,cobblestone
-0.42,-2.62,10.41,-0.17,0.02,0.03,1723211960820,cobblestone
-0.32,-2.06,12.54,-0.14,0.01,0.06,1723211960829,cobblestone
-0.12,-0.43,13.94,-0.12,0.03,0.15,1723211960838,cobblestone
1.08,-0.09,14.33,-0.02,0.01,0.17,1723211960847,cobblestone
1.86,-0.6,13.25,0.11,-0.02,0.06,1723211960856,cobblestone
1.16,-2.33,10.58,0.19,-0.04,-0.05,1723211960865,cobblestone
0.88,1.44,9.88,-0.01,0.01,-0.16,1723211960874,cobblestone
-0.12,3.05,10.99,0.01,0.05,-0.18,1723211960883,cobblestone
-1.03,0.15,11.65,0.17,-0.02,-0.18,1723211960892,cobblestone
-0.81,0.18,10.08,0.2,-0.03,-0.09,1723211960901,cobblestone
-0.69,-0.42,6.64,0.25,-0.04,-0.02,1723211960910,cobblestone
0.12,1.33,6.68,0.0,0.05,-0.01,1723211960919,cobblestone
1.08,0.72,8.11,-0.09,-0.01,0.03,1723211960928,cobblestone
0.88,-4.01,10.96,-0.25,0.07,-0.1,1723211960937,cobblestone
0.4,-0.64,16.35,-0.26,0.1,-0.18,1723211960946,cobblestone
-0.01,1.42,16.92,0.16,0.0,-0.16,1723211960955,cobblestone
-0.56,0.87,11.58,0.44,-0.01,-0.15,1723211960964,cobblestone
-0.25,1.84,6.46,0.19,0.01,-0.06,1723211960973,cobblestone
1.07,0.56,6.6,-0.2,0.13,-0.05,1723211960982,cobblestone
1.37,-1.5,10.87,-0.26,0.13,-0.04,1723211960991,cobblestone
1.5,-1.65,11.5,0.09,0.13,-0.2,1723211961000,cobblestone
0.75,-1.47,7.68,0.23,0.03,-0.28,1723211961009,cobblestone
0.23,-0.22,6.39,-0.02,0.13,-0.32,1723211961018,cobblestone
-1.72,-2.84,7.69,-0.24,0.16,-0.21,1723211961027,cobblestone
-0.43,1.85,11.11,-0.08,0.17,-0.13,1723211961036,cobblestone
-0.65,-2.88,9.83,0.22,0.09,-0.06,1723211961045,cobblestone
1.12,3.03,9.84,-0.05,0.21,-0.07,1723211961054,cobblestone
0.77,2.2,12.15,-0.37,0.22,-0.27,1723211961063,cobblestone
0.07,0.13,15.42,-0.34,0.3,-0.4,1723211961072,cobblestone
-1.16,-4.75,12.76,0.16,0.1,-0.39,1723211961081,cobblestone
-1.96,1.47,6.13,0.38,0.14,-0.35,1723211961090,cobblestone
-1.88,-1.79,3.11,0.12,0.09,-0.3,1723211961099,cobblestone
-1.85,-1.47,4.63,-0.21,0.32,-0.35,1723211961108,cobblestone
-3.47,-3.1,9.44,-0.48,0.17,-0.26,1723211961117,cobblestone
-2.75,1.88,15.97,-0.3,0.36,-0.09,1723211961126,cobblestone
-3.69,-0.57,14.52,0.17,0.11,0.03,1723211961135,cobblestone
-0.73,0.09,11.44,0.22,0.11,0.09,1723211961144,cobblestone
0.1,-2.19,10.76,-0.18,0.2,0.04,1723211961153,cobblestone
0.15,-3.02,14.43,-0.28,0.23,-0.08,1723211961162,cobblestone
-1.27,1.72,14.92,0.17,0.21,-0.17,1723211961171,cobblestone
-2.48,0.51,8.25,0.69,-0.12,-0.2,1723211961180,cobblestone
-1.96,-2.32,4.54,0.23,0.06,-0.06,1723211961189,cobblestone
-2.02,-0.07,7.61,-0.3,0.21,0.07,1723211961198,cobblestone
-1.95,-1.31,13.4,-0.37,0.17,0.17,1723211961207,cobblestone
-0.78,1.8,15.44,0.05,0.13,0.2,1723211961216,cobblestone
0.77,-4.24,13.45,0.27,-0.13,0.16,1723211961225,cobblestone
1.77,1.9,12.65,-0.07,0.19,0.03,1723211961234,cobblestone
0.15,-2.84,13.31,0.12,-0.05,-0.1,1723211961243,cobblestone
-0.26,3.46,13.69,0.32,0.13,-0.09,1723211961252,cobblestone
-2.52,-0.23,7.52,0.58,-0.22,-0.0,1723211961261,cobblestone
-1.86,-0.52,5.98,0.18,0.02,0.05,1723211961270,cobblestone
-2.83,2.79,7.31,-0.13,0.05,0.23,1723211961279,cobblestone
-1.39,1.5,11.36,-0.06,0.02,0.32,1723211961288,cobblestone
-0.67,-0.43,10.71,0.09,-0.02,0.32,1723211961297,cobblestone
1.01,-3.1,10.95,0.03,-0.11,0.2,1723211961307,cobblestone
0.79,0.36,10.91,-0.08,0.04,0.14,1723211961316,cobblestone
0.57,0.06,9.6,0.36,-0.29,0.12,1723211961325,cobblestone
0.04,-1.22,3.78,0.41,-0.09,0.03,1723211961334,cobblestone
-0.43,-1.54,3.37,0.07,-0.16,0.11,1723211961343,cobblestone
0.42,-0.94,8.55,-0.49,0.14,0.06,1723211961352,cobblestone
-0.09,2.16,13.12,-0.42,0.01,0.09,1723211961361,cobblestone
-0.27,-0.65,14.62,-0.03,-0.09,0.13,1723211961370,cobblestone
0.22,-0.37,11.17,0.34,-0.16,0.13,1723211961379,cobblestone
0.19,-1.12,5.0,-0.01,-0.08,0.11,1723211961388,cobblestone
0.21,-5.45,8.72,-0.53,-0.02,0.09,1723211961397,cobblestone
-0.46,-3.08,13.06,-0.36,-0.04,0.14,1723211961406,cobblestone
-0.28,-0.5,13.54,0.09,-0.12,0.07,1723211961415,cobblestone
0.33,-0.54,8.75,0.21,-0.27,0.13,1723211961424,cobblestone
0.53,1.46,5.58,-0.03,0.03,0.08,1723211961433,cobblestone
0.45,1.19,5.26,-0.07,-0.2,0.13,1723211961442,cobblestone
1.08,-0.28,8.63,-0.2,-0.06,-0.01,1723211961451,cobblestone
-1.23,-5.02,13.18,-0.55,-0.2,-0.04,1723211961460,cobblestone
-1.2,1.1,21.11,-0.51,-0.07,0.03,1723211961469,cobblestone
-2.97,3.25,21.12,0.2,-0.26,0.23,1723211961478,cobblestone
-1.32,1.93,11.76,0.6,-0.34,0.52,1723211961487,cobblestone
1.57,0.43,4.24,0.34,-0.04,0.47,1723211961496,cobblestone
0.61,4.02,2.53,-0.25,-0.05,0.4,1723211961505,cobblestone
1.66,-2.49,6.02,-0.4,-0.25,0.11,1723211961514,cobblestone
0.76,-4.0,10.56,-0.61,-0.12,-0.07,1723211961523,cobblestone
0.46,-6.03,14.93,-0.39,-0.37,-0.14,1723211961532,cobblestone
-1.0,-1.66,15.55,0.02,-0.2,0.0,1723211961541,cobblestone
-0.34,1.08,14.95,0.16,-0.35,0.19,1723211961550,cobblestone
0.92,1.57,12.46,0.23,-0.19,0.18,1723211961559,cobblestone
2.26,4.42,11.16,-0.06,-0.23,0.14,1723211961568,cobblestone
1.37,2.25,9.59,-0.01,-0.13,-0.14,1723211961577,cobblestone
-0.05,-0.48,10.67,-0.11,-0.24,-0.28,1723211961586,cobblestone
-0.72,-1.3,9.02,0.07,-0.13,-0.34,1723211961595,cobblestone
-2.63,-1.63,5.5,0.12,-0.31,-0.27,1723211961604,cobblestone
-1.05,-1.63,5.32,0.06,-0.18,-0.14,1723211961613,cobblestone
-0.31,-0.49,6.48,-0.1,-0.2,-0.04,1723211961622,cobblestone
0.89,-3.36,8.89,-0.22,-0.22,0.07,1723211961631,cobblestone
1.62,-1.09,12.41,-0.3,-0.07,0.04,1723211961640,cobblestone
2.15,0.11,14.41,-0.11,-0.24,-0.08,1723211961649,cobblestone
2.38,-4.51,13.71,0.06,-0.21,-0.2,1723211961658,cobblestone
1.17,-3.68,11.48,-0.06,-0.15,-0.3,1723211961667,cobblestone
0.62,-0.36,12.68,-0.04,-0.1,-0.28,1723211961676,cobblestone
-0.06,1.58,12.91,0.05,-0.1,-0.23,1723211961685,cobblestone
0.37,1.62,10.62,0.05,-0.09,-0.07,1723211961694,cobblestone
0.79,-1.38,7.44,0.18,-0.04,-0.11,1723211961703,cobblestone
1.34,-1.16,6.38,0.18,-0.05,-0.18,1723211961712,cobblestone
0.41,0.57,3.53,0.01,0.05,-0.31,1723211961721,cobblestone
0.03,-2.26,8.66,-0.47,-0.03,-0.31,1723211961730,cobblestone
-0.82,0.2,17.3,-0.58,0.11,-0.28,1723211961739,cobblestone
-1.07,-1.34,22.18,-0.06,-0.05,-0.07,1723211961748,cobblestone
0.81,1.44,16.31,0.68,0.0,0.1,1723211961757,cobblestone
1.79,3.21,7.24,0.66,0.05,0.06,1723211961766,cobblestone
2.44,-1.16,3.57,0.15,0.15,-0.19,1723211961775,cobblestone
2.42,1.19,7.46,-0.32,0.14,-0.39,1723211961784,cobblestone
0.78,1.88,11.68,-0.11,0.2,-0.48,1723211961793,cobblestone
-0.28,-1.61,11.09,0.39,-0.06,-0.42,1723211961802,cobblestone
-0.64,-1.75,8.06,0.2,0.11,-0.37,1723211961811,cobblestone
-0.07,-0.08,10.65,-0.16,0.16,-0.26,1723211961820,cobblestone
-1.06,-0.07,13.74,0.08,0.19,-0.22,1723211961829,cobblestone
-0.46,4.9,12.71,0.56,0.13,-0.11,1723211961838,cobblestone
-0.19,3.31,4.63,0.78,0.05,-0.05,1723211961847,cobblestone
1.56,-3.64,4.0,0.08,0.18,-0.33,1723211961856,cobblestone
0.23,3.87,10.39,-0.77,0.33,-0.26,1723211961865,cobblestone
-0.64,-1.58,20.3,-0.55,0.25,-0.24,1723211961874,cobblestone
-0.59,1.73,19.67,0.55,0.22,-0.08,1723211961883,cobblestone
0.84,2.74,5.79,1.21,-0.06,0.04,1723211961892,cobblestone
3.34,-3.04,1.24,0.6,0.35,-0.27,1723211961901,cobblestone
0.99,2.2,1.88,-0.34,0.26,-0.45,1723211961910,cobblestone
1.0,-0.47,9.3,-0.81,0.12,-0.59,1723211961919,cobblestone
-0.47,-3.6,16.69,-0.66,0.43,-0.69,1723211961928,cobblestone
-2.98,0.21,18.59,0.22,0.11,-0.52,1723211961937,cobblestone
-3.22,-1.21,11.82,0.64,0.16,-0.28,1723211961946,cobblestone
-2.3,-1.4,6.13,0.3,0.18,-0.2,1723211961955,cobblestone
-1.46,3.84,7.04,-0.08,0.41,-0.17,1723211961964,cobblestone
-0.94,2.41,10.07,-0.13,0.25,-0.12,1723211961973,cobblestone
-0.28,-0.71,10.77,0.04,0.29,-0.16,1723211961982,cobblestone
-0.47,-1.47,7.08,0.15,0.25,-0.19,1723211961991,cobblestone
-0.06,-4.26,5.88,0.02,0.3,-0.19,1723211962000,cobblestone
-1.09,-2.36,5.22,-0.13,0.38,-0.24,1723211962009,cobblestone
-1.28,-2.87,9.31,-0.24,0.27,-0.18,1723211962018,cobblestone
-1.62,-0.35,13.82,-0.2,0.33,-0.15,1723211962027,cobblestone
-2.2,1.14,13.82,-0.02,0.18,-0.04,1723211962036,cobblestone
-0.13,3.0,12.12,0.04,0.24,0.09,1723211962045,cobblestone
0.85,-3.03,8.96,0.04,0.25,0.03,1723211962054,cobblestone
1.35,-4.77,8.28,0.01,0.26,-0.09,1723211962063,cobblestone
0.57,-2.92,9.19,-0.04,0.29,-0.2,1723211962072,cobblestone
-1.06,-2.36,10.41,0.01,0.21,-0.22,1723211962081,cobblestone
-2.26,1.85,12.5,-0.02,0.23,-0.1,1723211962090,cobblestone
-2.61,2.2,13.39,0.17,0.17,0.06,1723211962099,cobblestone
-1.99,3.04,10.46,0.35,0.12,0.19,1723211962108,cobblestone
-0.75,-1.03,5.16,0.23,0.14,0.21,1723211962117,cobblestone
0.9,-1.47,6.35,-0.29,0.26,0.13,1723211962126,cobblestone
0.97,-3.13,11.29,-0.49,0.25,0.0,1723211962135,cobblestone
0.03,0.29,15.07,-0.36,0.28,-0.1,1723211962144,cobblestone
-0.37,1.17,15.9,0.16,0.04,-0.13,1723211962153,cobblestone
-1.97,-3.5,8.33,0.41,0.05,-0.09,1723211962162,cobblestone
-1.66,-0.54,6.04,-0.03,0.1,-0.04,1723211962171,cobblestone
-1.58,0.48,9.12,-0.27,0.2,0.04,1723211962180,cobblestone
-1.19,-0.03,12.09,-0.13,0.11,0.15,1723211962189,cobblestone
-0.29,0.82,12.44,0.14,0.17,0.13,1723211962198,cobblestone
